metric_name,mean,median,std,min,max,p95,count
answer_relevancy,0.3718504166666667,0.24345,0.6893959875851984,0.046,9.8724,0.6907049999999999,240
context_relevance,0.3909642857142857,0.19345,0.9507859941443116,0.0608,14.3628,0.60913,588
context_utilization,1.2489285984848486,0.72905,1.7351993337407516,0.0858,17.6059,3.7920249999999998,528
faithfulness_exp1,3.7562443820224716,1.58445,5.37310618969203,0.0728,39.24,15.274199999999963,712
faithfulness_exp2,4.207212359550562,2.8611,4.606014736378308,0.1144,36.2601,13.0389,356
response_groundedness,0.5074579027355623,0.1951,1.2630881325422678,0.0606,17.1377,2.656269999999998,658
