,prompt_tokens,prompt_tokens,prompt_tokens,prompt_tokens,completion_tokens,completion_tokens,completion_tokens,completion_tokens,total_tokens,total_tokens,total_tokens,total_tokens,cached_tokens,cached_tokens,cached_tokens,cached_tokens,reasoning_tokens,reasoning_tokens,reasoning_tokens,reasoning_tokens
,mean,median,std,count,mean,median,std,count,mean,median,std,count,mean,median,std,count,mean,median,std,count
model,,,,,,,,,,,,,,,,,,,,
LLaDA2.1-mini,1451.3396226415093,1366.0,902.5822072725365,424,164.14150943396226,51.5,311.7526809264929,424,1615.4811320754718,1449.5,1125.7560546932984,424,0.0,0.0,0.0,424,0.0,0.0,0.0,424
Qwen3.6-35B-A3B-FP8,1335.9627906976743,1353.0,464.99478254749215,430,1787.4767441860465,1332.0,1158.9415568060106,430,3123.439534883721,2761.0,1359.0864921233103,430,0.0,0.0,0.0,430,0.0,0.0,0.0,430
gemma-4-26b-a4b-it,1363.1832946635732,1380.0,466.38207343117,431,147.41299303944317,54.0,240.36129049895536,431,1510.5962877030163,1458.0,627.1957517840458,431,0.0,0.0,0.0,431,0.0,0.0,0.0,431
gemma-4-31b-it,1364.4663573085847,1380.0,468.4261061136464,431,151.6983758700696,50.0,248.20967687628635,431,1516.1647331786544,1460.0,634.7112130431136,431,0.0,0.0,0.0,431,0.0,0.0,0.0,431
gemma-4-e2b-it,2179.177156177156,1581.0,1779.075633223409,429,422.90909090909093,211.0,503.855665281094,429,2602.086247086247,1779.0,2154.896024883353,429,0.0,0.0,0.0,429,0.0,0.0,0.0,429
gpt-4.1-mini,1287.1252900232018,1263.0,585.4877101054374,431,147.35266821345706,46.0,259.601261304276,431,1434.4779582366589,1335.0,768.5136296329661,431,251.84222737819024,0.0,573.7479984693504,431,0.0,0.0,0.0,431
qwen35-2b,1332.460465116279,1349.5,460.67160060956087,430,153.34418604651162,52.5,249.897708958704,430,1485.8046511627906,1435.5,628.5227947137793,430,0.0,0.0,0.0,430,0.0,0.0,0.0,430
