metric_name,mean,median,std,min,max,p95,count
answer_relevancy,1.143834761904762,0.386,2.400996124773668,0.0562,19.7905,5.113574999999995,210
context_relevance,1.0836741496598639,0.26695,2.1716094206028163,0.0608,16.6847,4.81346,588
context_utilization,2.0240037337662335,0.87115,2.7934194597918443,0.0858,22.7044,6.6274999999999995,616
faithfulness_exp1,5.962138301282051,2.4082,7.60666156998247,0.0728,39.24,21.57381500000002,624
faithfulness_exp2,6.179347909967846,3.8921,6.73240986118788,0.1144,39.907,19.47405,311
response_groundedness,1.4532983257229832,0.2648,2.8218433668589076,0.0606,21.0377,7.066399999999998,657
